Date,Crude_price_per_barrel,Stocks_per_thousand_barrels,No_of_days,Utilization_percentage,Exp_thousand_barrels_per_day,Imp_thousand_barrels_per_day,Gas_price_date,Gas_price_per_gallon
03/25/2022,113.69,18971,27.3,92.1,2988,6259,03/28/2022,4.152
03/18/2022,100.43,18344,27.0,91.1,3844,6486,03/21/2022,4.165
03/11/2022,113.39,17123,27.3,90.4,2936,6395,03/14/2022,4.252
02/25/2022,92.18,17714,28.0,87.7,3796,5767,02/28/2022,3.554
02/18/2022,92.89,17624,28.5,87.4,2686,6828,02/21/2022,3.48
02/11/2022,90.61,17746,28.7,85.3,2271,5790,02/14/2022,3.441
01/28/2022,86.94,18979,30.4,86.7,2376,7085,01/31/2022,3.321
01/21/2022,85.93,19797,30.2,87.7,2796,6236,01/24/2022,3.271
01/14/2022,81.52,19732,29.0,88.1,2610,6745,01/17/2022,3.255
12/31/2021,76.05,16986,25.6,89.8,2554,5884,01/03/2022,3.216
12/24/2021,71.63,17621,24.0,89.7,2929,6759,12/27/2021,3.211
12/17/2021,71.18,18992,24.8,89.6,2879,6194,12/20/2021,3.229
12/10/2021,71.31,17631,23.9,89.8,3645,6471,12/13/2021,3.252
11/26/2021,77.79,18884,23.5,88.8,2704,6604,11/29/2021,3.326
11/19/2021,78.99,17905,22.6,88.6,2605,6436,11/22/2021,3.344
11/12/2021,81.93,16585,22.7,87.9,3626,6191,11/15/2021,3.349
10/29/2021,83.84,16841,22.8,86.3,2925,6172,11/01/2021,3.352
10/22/2021,83.48,16675,23.0,85.1,2787,6254,10/25/2021,3.351
10/15/2021,81.18,16659,23.1,84.7,3060,5825,10/18/2021,3.297
09/24/2021,72.18,19423,24.1,88.1,3020,6552,09/27/2021,3.155
09/17/2021,71.69,20304,24.0,87.5,2809,6465,09/20/2021,3.169
09/10/2021,68.98,17435,23.2,82.1,2624,5761,09/13/2021,3.143
08/27/2021,67.59,19408,24.0,91.3,3040,6340,08/30/2021,3.118
08/20/2021,65.05,18197,23.7,92.4,2812,6157,08/23/2021,3.125
08/13/2021,68.33,19349,24.1,92.2,3431,6350,08/16/2021,3.155
07/30/2021,72.75,17742,24.3,91.3,1904,6432,08/02/2021,3.134
07/23/2021,69.68,18055,24.7,91.1,2489,6507,07/26/2021,3.118
07/16/2021,73.19,18446,25.0,91.4,2463,7097,07/19/2021,3.135
06/25/2021,73.48,21647,26.5,92.9,3717,6406,06/28/2021,3.062
06/18/2021,71.55,20827,26.4,92.2,3651,6943,06/21/2021,3.033
06/11/2021,70.11,20370,26.7,92.6,3884,6746,06/14/2021,3.041
05/28/2021,66.4,19666,25.5,88.7,2544,5631,05/31/2021,2.997
05/21/2021,64.11,19360,25.6,87.0,3433,6273,05/24/2021,2.99
05/14/2021,65.07,20812,26.2,86.3,3306,6411,05/17/2021,2.996
04/30/2021,63.47,21245,26.4,86.5,4122,5451,05/03/2021,2.859
04/23/2021,62.18,21464,26.3,85.4,2541,6616,04/26/2021,2.844
04/16/2021,61.93,19738,26.3,85.0,2548,5405,04/19/2021,2.836
03/26/2021,59.95,19995,26.6,83.9,3174,6145,03/29/2021,2.839
03/19/2021,63.22,19765,27.4,81.6,2481,5622,03/22/2021,2.849
03/12/2021,65.02,20899,28.5,76.1,2520,5323,03/15/2021,2.832
02/26/2021,62.3,22482,30.8,56.0,2351,6292,03/01/2021,2.689
02/19/2021,60.17,24437,32.9,68.6,2314,4599,02/22/2021,2.613
02/12/2021,58.54,24016,32.3,83.1,3862,5898,02/15/2021,2.475
01/29/2021,52.52,22702,32.3,82.3,3483,6507,02/01/2021,2.382
01/22/2021,52.82,23138,32.0,81.7,3355,5064,01/25/2021,2.363
01/15/2021,52.75,22438,31.4,82.5,2251,6045,01/18/2021,2.351
12/25/2020,47.73,27353,29.8,79.4,3625,5326,12/28/2020,2.225
12/18/2020,47.97,25667,30.1,78.0,3099,5564,12/21/2020,2.204
12/11/2020,46.04,24518,30.2,79.1,2627,5424,12/14/2020,2.132
11/27/2020,44.4,26076,28.2,78.2,3456,5399,11/30/2020,2.093
11/20/2020,41.52,26203,27.5,78.7,2831,5228,11/23/2020,2.08
11/13/2020,40.66,26412,26.9,77.4,2748,5254,11/16/2020,2.089
10/30/2020,37.32,25407,27.0,75.3,2265,5029,11/02/2020,2.092
10/23/2020,40.43,24524,26.4,74.6,3460,5664,10/26/2020,2.124
10/16/2020,40.33,23612,26.5,72.9,3036,5118,10/19/2020,2.134
09/25/2020,39.78,24171,26.9,75.8,3512,5122,09/28/2020,2.157
09/18/2020,39.55,25247,26.6,74.8,3022,5168,09/21/2020,2.149
09/11/2020,37.38,23730,26.6,75.8,2595,5008,09/14/2020,2.162
08/28/2020,42.93,24862,26.5,76.7,3002,4900,08/31/2020,2.204
08/21/2020,42.73,23036,27.1,82.0,3363,5916,08/24/2020,2.161
08/14/2020,42.08,24173,27.9,80.9,2137,5730,08/17/2020,2.147
07/31/2020,40.69,23538,28.6,79.6,2819,6010,08/03/2020,2.156
07/24/2020,41.34,23647,28.5,79.5,3211,5146,07/27/2020,2.155
07/17/2020,40.57,23438,28.6,77.9,2993,5941,07/20/2020,2.168
07/10/2020,40.44,22883,28.7,78.1,2543,5567,07/13/2020,2.181
06/26/2020,39.22,23684,31.2,75.5,3092,5969,06/29/2020,2.162
06/19/2020,38.35,24470,32.0,74.6,3157,6540,06/22/2020,2.115
06/12/2020,37.87,24713,33.6,73.8,2462,6642,06/15/2020,2.084
05/29/2020,34.19,24141,35.6,71.8,2794,6179,06/01/2020,1.952
05/22/2020,33.1,22944,36.3,71.3,3176,7200,05/25/2020,1.938
05/15/2020,26.4,24469,38.3,69.4,3239,5197,05/18/2020,1.845
04/24/2020,3.32,24510,48.7,69.6,3302,5302,04/27/2020,1.731
04/17/2020,20.12,24008,47.6,67.6,2890,4937,04/20/2020,1.77
04/10/2020,24.41,22527,40.9,69.1,3436,5680,04/13/2020,1.811
03/27/2020,19.44,21284,28.5,82.3,3155,6047,03/30/2020,1.962
03/20/2020,24.19,20069,25.8,87.3,3850,6117,03/23/2020,2.083
03/13/2020,32.39,23726,25.8,86.4,4378,6539,03/16/2020,2.213
02/28/2020,48.36,25956,28.1,86.9,4154,6238,03/02/2020,2.394
02/21/2020,53.14,26711,28.8,87.9,3657,6217,02/24/2020,2.441
02/14/2020,50.83,26915,29.3,89.4,3564,6547,02/17/2020,2.405
01/31/2020,52.69,27776,29.9,87.4,3413,6615,02/03/2020,2.428
01/24/2020,56.15,27467,30.6,87.2,3509,6660,01/27/2020,2.482
01/17/2020,58.29,28671,30.3,90.5,3414,6432,01/20/2020,2.516
01/10/2020,60.84,27351,29.6,92.2,3481,6552,01/13/2020,2.549
12/27/2019,61.29,26181,26.5,94.5,4462,6352,12/30/2019,2.555
12/20/2019,60.75,24759,26.1,93.3,3397,6809,12/23/2019,2.516
12/13/2019,59.25,23582,26.0,90.6,3633,6579,12/16/2019,2.518
11/29/2019,58.07,24613,25.0,91.9,3135,5989,12/02/2019,2.554
11/22/2019,56.9,24092,24.5,89.3,3480,6190,11/25/2019,2.539
11/15/2019,56.85,23054,23.6,89.5,3027,5972,11/18/2019,2.544
10/25/2019,55.2,22048,23.0,87.7,3327,6697,10/28/2019,2.539
10/18/2019,53.49,22796,23.8,85.2,3683,5857,10/21/2019,2.581
10/11/2019,53.27,22966,24.3,83.1,3248,6295,10/14/2019,2.565
09/27/2019,56.9,23415,24.7,86.4,2867,6291,09/30/2019,2.586
09/20/2019,59.33,22549,24.5,89.8,2983,6378,09/23/2019,2.627
09/13/2019,56.16,21873,24.1,91.2,3175,7050,09/16/2019,2.521
08/30/2019,55.21,22223,23.6,94.8,3061,6904,09/02/2019,2.527
08/23/2019,55.5,22267,23.7,95.2,3019,5928,08/26/2019,2.538
08/16/2019,55.31,21755,24.2,95.9,2803,7218,08/19/2019,2.567
07/26/2019,56.05,22580,24.2,93.0,2574,6663,07/29/2019,2.68
07/19/2019,56.74,21841,24.4,93.1,3292,7028,07/22/2019,2.716
07/12/2019,59.02,22697,24.5,94.4,2534,6832,07/15/2019,2.745
06/28/2019,58.38,22332,23.8,94.2,2990,7585,07/01/2019,2.674
06/21/2019,54.75,22710,24.0,94.2,3770,6656,06/24/2019,2.608
06/14/2019,52.52,21895,24.1,93.9,3422,7467,06/17/2019,2.621
05/31/2019,56.93,23246,25.0,91.8,3298,7927,06/03/2019,2.757
05/24/2019,60.72,22829,24.4,91.2,3317,6862,05/27/2019,2.762
05/17/2019,62.1,22923,24.3,89.9,2922,6943,05/20/2019,2.789
05/10/2019,61.81,21330,23.9,90.5,3347,7612,05/13/2019,2.8
04/26/2019,65.28,21325,24.0,89.2,2611,7414,04/29/2019,2.824
04/19/2019,63.8,20682,23.9,90.1,2681,7149,04/22/2019,2.785
04/12/2019,64.1,20754,24.3,87.7,2401,5992,04/15/2019,2.785
03/29/2019,59.49,21933,25.7,86.4,2723,6763,04/01/2019,2.67
03/22/2019,59.44,21412,26.0,86.6,2886,6540,03/25/2019,2.604
03/15/2019,57.81,22327,26.4,88.9,3392,6932,03/18/2019,2.537
02/22/2019,56.74,25310,28.7,87.1,3359,5917,02/25/2019,2.372
02/15/2019,53.88,26867,28.5,85.9,3607,7522,02/18/2019,2.293
01/25/2019,52.88,26998,28.8,90.1,1944,7083,01/28/2019,2.229
01/18/2019,51.92,28813,29.8,92.9,2035,8191,01/21/2019,2.216
01/11/2019,50.78,27391,29.0,94.6,2966,7527,01/14/2019,2.212
12/28/2018,45.22,25914,26.5,97.2,2237,7392,12/31/2018,2.227
12/21/2018,46.98,25568,25.5,95.1,2969,7656,12/24/2018,2.287
12/14/2018,51.54,25592,25.3,95.4,2325,7423,12/17/2018,2.338
11/30/2018,51.01,23206,24.8,95.5,3203,7219,12/03/2018,2.422
11/23/2018,54.99,24614,24.5,95.6,2442,8162,11/26/2018,2.517
11/16/2018,56.92,25114,24.5,92.7,1969,7554,11/19/2018,2.594
10/26/2018,67.43,24219,24.6,89.4,2485,7344,10/29/2018,2.799
10/19/2018,70.24,23209,25.0,89.2,2180,7678,10/22/2018,2.828
10/12/2018,72.96,24684,25.8,88.8,1782,7615,10/15/2018,2.869
09/28/2018,72.84,25440,25.2,90.4,1723,7965,10/01/2018,2.859
09/21/2018,70.28,24523,24.9,90.4,2640,7802,09/24/2018,2.841
09/14/2018,68.96,24862,24.1,95.4,2367,8024,09/17/2018,2.834
08/31/2018,69.66,23046,24.3,96.6,1508,7714,09/03/2018,2.822
08/24/2018,68.1,22329,24.4,96.3,1779,7485,08/27/2018,2.824
08/17/2018,66.15,23933,24.5,98.1,1155,7518,08/20/2018,2.818
08/10/2018,67.9,23162,24.2,98.1,1592,9014,08/13/2018,2.836
07/27/2018,70.01,23364,23.9,96.1,1310,7749,07/30/2018,2.834
07/20/2018,68.95,22628,24.1,93.8,2683,7770,07/23/2018,2.818
07/13/2018,71.96,24237,24.4,94.3,1461,9066,07/16/2018,2.852
06/29/2018,74.03,23400,24.7,97.1,2336,9055,07/02/2018,2.824
06/22/2018,66.32,23636,25.4,97.5,3000,8356,06/25/2018,2.808
06/15/2018,66.21,24983,25.4,96.7,2374,8242,06/18/2018,2.852
05/25/2018,70.98,22786,24.2,93.9,2179,7631,05/28/2018,2.937
05/18/2018,71.3,22015,24.6,91.8,1748,8159,05/21/2018,2.893
05/11/2018,70.56,21907,24.8,91.1,2566,7601,05/14/2018,2.846
04/27/2018,67.91,23750,25.5,91.1,2148,8549,04/30/2018,2.858
04/20/2018,67.55,23304,25.3,90.8,2331,8469,04/23/2018,2.814
04/13/2018,66.02,23168,25.1,92.4,1749,7930,04/16/2018,2.762
03/30/2018,64.97,24259,25.5,93.0,2175,7898,04/02/2018,2.71
03/23/2018,64.11,24577,25.6,92.3,1578,8148,03/26/2018,2.659
03/16/2018,61.28,24533,26.2,91.7,1573,7077,03/19/2018,2.612
02/23/2018,62.47,25921,28.0,87.8,1445,7282,02/26/2018,2.561
02/16/2018,60.56,25891,27.5,88.1,2044,7021,02/19/2018,2.576
01/26/2018,65.14,23449,27.5,88.1,1765,8430,01/29/2018,2.634
01/19/2018,63.77,24019,28.0,90.9,1411,8041,01/22/2018,2.601
01/12/2018,63.26,25124,27.1,93.0,1249,7950,01/15/2018,2.589
12/29/2017,59.88,24987,25.4,96.7,1475,7966,01/01/2018,2.554
12/22/2017,57.87,24346,24.8,95.7,1210,7993,12/25/2017,2.502
12/15/2017,57.17,24988,25.2,94.1,1858,7834,12/18/2017,2.478
11/24/2017,57.47,23862,23.2,92.6,1412,7329,11/27/2017,2.562
11/17/2017,55.81,21810,22.3,91.3,1591,7873,11/20/2017,2.597
11/10/2017,57.05,21143,22.5,91.0,1129,7898,11/13/2017,2.619
10/27/2017,52.51,21882,22.8,88.1,2133,7571,10/30/2017,2.526
10/20/2017,51.74,22083,23.3,87.8,1924,8123,10/23/2017,2.523
10/13/2017,50.77,23816,23.8,84.5,1798,7483,10/16/2017,2.532
09/29/2017,51.77,21995,23.2,88.1,1984,7214,10/02/2017,2.614
09/22/2017,50.12,21286,23.0,88.6,1491,7427,09/25/2017,2.629
09/15/2017,49.07,22760,22.7,83.2,928,7368,09/18/2017,2.678
08/25/2017,47.68,24850,23.7,96.6,902,7905,08/28/2017,2.438
08/18/2017,47.52,24625,23.7,95.4,936,8790,08/21/2017,2.389
08/11/2017,49.08,22846,23.7,96.1,877,8126,08/14/2017,2.416
07/28/2017,48.27,22834,23.3,95.4,702,8253,07/31/2017,2.386
07/21/2017,46.41,23173,23.7,94.3,1030,8044,07/24/2017,2.34
07/14/2017,45.51,23228,23.9,94.0,728,7996,07/17/2017,2.303
06/30/2017,44.63,22299,24.8,93.6,768,7742,07/03/2017,2.278
06/23/2017,43.09,22599,25.4,92.5,528,8016,06/26/2017,2.316
06/16/2017,45.3,21280,25.3,94.0,517,7876,06/19/2017,2.339
05/26/2017,50.21,21560,24.7,95.0,1303,7985,05/29/2017,2.418
05/19/2017,49.24,21665,25.4,93.5,625,8294,05/22/2017,2.418
05/12/2017,47.04,21905,25.9,93.4,1086,8590,05/15/2017,2.396
04/28/2017,49.12,21220,26.2,93.3,538,8264,05/01/2017,2.444
04/21/2017,51.09,21596,26.1,94.1,1152,8912,04/24/2017,2.484
04/14/2017,53.19,21507,25.5,92.9,565,7810,04/17/2017,2.468
03/31/2017,49.14,22031,25.7,90.8,575,7850,04/03/2017,2.393
03/24/2017,47.28,23917,25.7,89.3,1010,8224,03/27/2017,2.341
03/17/2017,48.03,24591,26.7,87.4,550,8307,03/20/2017,2.35
03/10/2017,50.5,24684,27.5,85.1,717,7405,03/13/2017,2.353
02/24/2017,54.03,27303,29.5,86.0,721,7589,02/27/2017,2.346
02/17/2017,53.22,27939,29.9,84.3,1211,7286,02/20/2017,2.336
02/10/2017,52.88,28453,30.7,85.4,1026,8491,02/13/2017,2.34
01/27/2017,52.74,27929,31.3,88.2,549,8290,01/30/2017,2.337
01/20/2017,51.82,28651,30.7,88.3,599,7810,01/23/2017,2.368
01/13/2017,52.07,29007,28.8,90.7,704,8378,01/16/2017,2.407
12/30/2016,53.6,27225,26.2,92.0,686,7183,01/02/2017,2.429
12/23/2016,51.95,27122,25.1,91.0,627,8167,12/26/2016,2.364
12/16/2016,51.91,26288,25.4,91.5,557,8471,12/19/2016,2.316
11/25/2016,47.25,24354,24.7,89.8,474,7548,11/28/2016,2.193
11/18/2016,45.15,23956,24.4,90.8,469,7578,11/21/2016,2.192
11/11/2016,44.61,24968,24.1,89.2,481,8423,11/14/2016,2.22
10/28/2016,49.36,24615,24.6,85.2,404,8995,10/31/2016,2.27
10/21/2016,50.56,25494,24.7,85.6,415,7016,10/24/2016,2.286
10/14/2016,50.29,25949,25.1,85.0,439,6907,10/17/2016,2.309
09/30/2016,46.55,25301,24.4,88.3,440,7710,10/03/2016,2.295
09/23/2016,44.59,25415,24.2,90.1,507,7835,09/26/2016,2.276
09/16/2016,44.34,24180,23.6,92.0,588,8309,09/19/2016,2.28
08/26/2016,47.05,25957,24.0,92.8,698,8917,08/29/2016,2.292
08/19/2016,47.16,25897,23.9,92.5,677,8642,08/22/2016,2.243
08/12/2016,43.11,25746,23.8,93.5,677,8193,08/15/2016,2.203
07/29/2016,41.83,24526,24.4,93.3,677,8738,08/01/2016,2.198
07/22/2016,44.44,25649,24.8,92.4,677,8437,07/25/2016,2.211
07/15/2016,45.6,26285,24.8,93.2,598,8134,07/18/2016,2.254
06/24/2016,48.71,25167,24.6,93.0,598,7555,06/27/2016,2.353
06/17/2016,47.89,25016,24.5,91.3,489,8439,06/20/2016,2.393
06/10/2016,50.18,23569,24.6,90.2,489,7622,06/13/2016,2.444
05/27/2016,48.72,23456,24.7,89.8,489,7839,05/30/2016,2.382
05/20/2016,47.99,24339,25.0,89.7,390,7315,05/23/2016,2.339
05/13/2016,45.44,24305,24.9,90.5,390,7677,05/16/2016,2.274
04/29/2016,44.3,24876,25.5,89.7,390,7660,05/02/2016,2.271
04/22/2016,41.86,24412,25.7,88.1,390,7550,04/25/2016,2.182
04/15/2016,41.23,24825,25.5,89.4,339,8187,04/18/2016,2.155
03/25/2016,39.45,26139,25.8,90.4,387,7748,03/28/2016,2.079
03/18/2016,38.32,27011,26.1,88.4,387,8384,03/21/2016,2.036
03/11/2016,37.69,27652,26.6,89.0,387,7693,03/14/2016,1.988
02/26/2016,31.32,27618,27.6,88.3,387,8292,02/29/2016,1.817
02/19/2016,30.02,28182,28.3,87.3,399,7802,02/22/2016,1.767
02/12/2016,28.14,27878,29.1,88.3,399,7919,02/15/2016,1.747
01/29/2016,31.81,27463,29.2,86.6,399,8256,02/01/2016,1.837
01/22/2016,29.19,27696,28.7,87.4,399,7609,01/25/2016,1.859
01/15/2016,30.59,27508,27.9,90.6,500,7779,01/18/2016,1.917
12/25/2015,36.26,27161,23.8,92.6,500,7892,12/28/2015,2.039
12/18/2015,35.78,26119,23.8,91.3,500,7326,12/21/2015,2.035
12/11/2015,36.93,28165,23.8,91.9,445,8312,12/14/2015,2.059
11/27/2015,40.49,27878,23.7,94.5,445,7747,11/30/2015,2.079
11/20/2015,40.62,28842,23.7,92.0,445,7333,11/23/2015,2.117
11/13/2015,42.7,28233,23.2,90.3,504,6968,11/16/2015,2.21
10/30/2015,44.99,27467,23.4,88.7,504,6943,11/02/2015,2.265
10/23/2015,45.16,28011,23.9,87.6,504,7032,10/26/2015,2.262
10/16/2015,46.82,28205,24.2,86.4,526,7471,10/19/2015,2.314
09/25/2015,45.57,28260,24.5,89.8,526,7554,09/28/2015,2.34
09/18/2015,45.48,26714,23.9,90.9,477,7176,09/21/2015,2.332
09/11/2015,45.16,26772,23.7,93.1,477,7189,09/14/2015,2.374
08/28/2015,40.73,26339,22.5,92.8,477,7855,08/31/2015,2.496
08/21/2015,41.34,26475,22.4,94.5,477,7199,08/24/2015,2.62
08/14/2015,43.2,25072,22.2,95.1,576,8038,08/17/2015,2.691
07/31/2015,47.91,24899,22.7,96.1,576,7180,08/03/2015,2.641
07/24/2015,49.21,25687,22.7,95.1,571,7545,07/27/2015,2.69
07/17/2015,51.68,25670,22.5,95.5,571,7941,07/20/2015,2.744
07/10/2015,52.38,25399,22.8,95.3,571,7354,07/13/2015,2.778
06/26/2015,60.01,25743,22.7,95.0,571,7513,06/29/2015,2.796
06/19/2015,59.89,25880,23.4,94.0,571,6765,06/22/2015,2.803
06/12/2015,60.07,26338,23.2,93.1,441,7067,06/15/2015,2.825
05/29/2015,58.19,25780,23.7,93.2,441,7373,06/01/2015,2.738
05/22/2015,58.95,25088,23.9,93.6,441,6696,05/25/2015,2.724
05/15/2015,60.01,24829,24.8,92.4,467,7199,05/18/2015,2.687
04/24/2015,56.14,26813,25.5,91.3,467,7446,04/27/2015,2.536
04/17/2015,54.78,26735,25.0,91.2,503,7765,04/20/2015,2.477
04/10/2015,51.78,26137,25.6,92.3,503,7148,04/13/2015,2.402
03/27/2015,48.68,27242,25.6,89.4,503,7348,03/30/2015,2.43
03/20/2015,44.39,28758,26.7,89.0,503,7392,03/23/2015,2.427
03/13/2015,47.69,29693,26.7,88.1,478,7496,03/16/2015,2.42
02/27/2015,49.16,31072,27.7,86.6,478,7368,03/02/2015,2.441
02/20/2015,51.69,29351,27.9,87.4,478,7279,02/23/2015,2.338
02/13/2015,51.14,28781,28.1,88.7,502,7105,02/16/2015,2.29
01/30/2015,45.32,29828,27.4,89.9,502,7387,02/02/2015,2.097
01/23/2015,46.46,28730,26.8,88.0,502,7422,01/26/2015,2.069
01/16/2015,47.07,30471,26.7,85.5,388,7218,01/19/2015,2.089
12/26/2014,55.58,31538,24.7,94.4,388,7061,12/29/2014,2.32
12/19/2014,55.89,29843,24.5,93.5,388,8292,12/22/2014,2.43
12/12/2014,61.14,29443,24.3,93.5,374,7104,12/15/2014,2.586
11/28/2014,72.36,27252,22.6,93.4,374,7303,12/01/2014,2.821
11/21/2014,75.38,28216,22.6,91.5,374,7473,11/24/2014,2.864
11/14/2014,76.5,27673,22.6,91.2,411,7638,11/17/2014,2.938
10/31/2014,81.29,27169,22.5,88.4,411,6675,11/03/2014,3.037
10/24/2014,82.12,26272,23.0,86.6,411,7101,10/27/2014,3.094
10/17/2014,82.88,27184,23.2,86.7,420,7477,10/20/2014,3.154
10/10/2014,87.63,26399,23.4,88.1,420,7740,10/13/2014,3.229
09/26/2014,93.15,28957,24.0,89.8,420,7284,09/29/2014,3.384
09/19/2014,93.52,28753,23.6,93.4,385,6870,09/22/2014,3.375
09/12/2014,92.43,28569,23.5,93.0,385,8114,09/15/2014,3.428
08/29/2014,96.25,27479,23.2,93.3,385,7675,09/01/2014,3.486
08/22/2014,94.95,29049,23.5,93.5,385,7633,08/25/2014,3.473
08/15/2014,97.17,28475,23.7,93.4,295,7459,08/18/2014,3.484
07/25/2014,104.35,28666,24.4,93.5,295,7744,07/28/2014,3.544
07/18/2014,102.37,29674,24.2,93.8,273,7407,07/21/2014,3.599
07/11/2014,103.25,28277,23.9,93.8,273,7427,07/14/2014,3.635
06/27/2014,106.69,28976,23.8,91.4,273,7265,06/30/2014,3.708
06/20/2014,107.23,29046,24.0,88.5,273,7341,06/23/2014,3.713
06/13/2014,105.97,29801,23.6,87.1,74,7234,06/16/2014,3.694
05/30/2014,103.95,29115,23.0,90.8,74,7123,06/02/2014,3.699
05/23/2014,103.82,28741,23.3,89.9,74,7809,05/26/2014,3.683
05/16/2014,101.92,29770,23.9,88.7,71,6469,05/19/2014,3.671
04/25/2014,102.11,29208,24.4,91.0,71,7483,04/28/2014,3.71
04/18/2014,103.95,32282,24.2,91.0,67,7796,04/21/2014,3.687
04/11/2014,102.72,32345,23.8,88.8,67,8271,04/14/2014,3.655
03/28/2014,100.66,34171,24.5,87.7,67,6831,03/31/2014,3.592
03/21/2014,99.77,35066,24.9,86.0,64,7617,03/24/2014,3.559
03/14/2014,99.55,38958,25.8,85.6,64,7309,03/17/2014,3.56
02/28/2014,102.77,38976,27.5,87.4,64,7112,03/03/2014,3.494
02/21/2014,102.93,38573,27.7,88.0,64,7037,02/24/2014,3.469
02/14/2014,100.21,41427,28.0,86.8,61,7421,02/17/2014,3.402
01/31/2014,97.29,40394,28.4,86.1,61,6887,02/03/2014,3.322
01/24/2014,96.19,41699,28.5,88.2,61,8048,01/27/2014,3.32
01/17/2014,92.98,41072,28.3,86.5,58,7544,01/20/2014,3.319
01/10/2014,92.42,41263,27.1,90.0,58,6889,01/13/2014,3.345
12/27/2013,99.15,40062,24.9,92.4,58,7495,12/30/2013,3.34
12/20/2013,97.85,42195,24.8,92.7,58,7535,12/23/2013,3.277
12/13/2013,97.23,41493,25.1,91.5,57,7732,12/16/2013,3.245
11/29/2013,92.97,39283,23.8,92.4,57,7809,12/02/2013,3.29
11/22/2013,93.92,40704,23.3,89.4,57,7718,11/25/2013,3.32
11/15/2013,93.94,39517,23.0,88.6,56,7863,11/18/2013,3.239
10/25/2013,97.57,47635,23.9,87.3,56,7459,10/28/2013,3.311
10/18/2013,101.51,47367,24.5,85.9,56,7656,10/21/2013,3.382
10/11/2013,102.7,47525,24.6,86.2,56,8004,10/14/2013,3.368
09/27/2013,103.1,47733,25.1,89.0,56,8363,09/30/2013,3.425
09/20/2013,106.22,47279,24.3,90.3,56,7925,09/23/2013,3.493
09/13/2013,108.36,48341,24.2,92.5,55,7578,09/16/2013,3.544
08/30/2013,108.33,47996,23.7,91.7,55,8255,09/02/2013,3.641
08/23/2013,105.48,50082,23.8,91.2,55,8374,08/26/2013,3.573
08/16/2013,106.97,49474,23.8,91.0,55,7951,08/19/2013,3.565
07/26/2013,105.88,51222,24.7,91.3,52,8168,07/29/2013,3.638
07/19/2013,106.88,50355,24.5,92.3,52,8032,07/22/2013,3.678
07/12/2013,104.7,50280,24.8,92.8,50,7705,07/15/2013,3.634
06/28/2013,95.83,49285,25.1,92.2,50,7407,07/01/2013,3.478
06/21/2013,96.65,50484,25.6,90.2,50,8298,06/24/2013,3.563
06/14/2013,96.36,50473,25.1,89.3,48,8436,06/17/2013,3.636
05/31/2013,93.32,48060,25.1,88.4,48,7268,06/03/2013,3.664
05/24/2013,94.76,46532,25.4,86.4,48,7817,05/27/2013,3.656
05/17/2013,94.65,48187,26.0,87.3,48,8130,05/20/2013,3.687
05/10/2013,95.84,47316,25.6,88.0,47,7623,05/13/2013,3.601
04/26/2013,91.0,48233,25.4,84.4,47,8166,04/29/2013,3.519
04/19/2013,88.0,48948,25.5,83.5,47,7564,04/22/2013,3.536
04/12/2013,93.36,50569,26.3,86.3,45,7431,04/15/2013,3.535
03/29/2013,96.08,51592,26.1,86.3,45,7931,04/01/2013,3.638
03/22/2013,93.05,51991,26.3,85.7,45,8158,03/25/2013,3.68
03/15/2013,92.7,52512,26.3,83.5,45,7317,03/18/2013,3.699
02/22/2013,94.38,58659,27.0,85.1,44,7958,02/25/2013,3.787
02/15/2013,96.95,58300,27.3,82.9,44,7689,02/18/2013,3.753
01/25/2013,95.41,58755,27.9,85.0,44,8068,01/28/2013,3.362
01/18/2013,94.58,57599,28.0,83.6,44,7730,01/21/2013,3.321
01/11/2013,93.38,57343,28.1,87.9,43,8030,01/14/2013,3.308
12/28/2012,90.14,59177,26.4,90.4,43,7094,12/31/2012,3.311
12/21/2012,88.24,59457,26.2,90.3,43,8025,12/24/2012,3.271
12/14/2012,85.71,55657,25.9,91.5,43,8399,12/17/2012,3.263
11/30/2012,87.27,55286,24.5,90.6,42,8230,12/03/2012,3.401
11/23/2012,87.4,51571,23.7,88.6,42,8118,11/26/2012,3.445
11/16/2012,85.87,51416,22.9,87.5,42,7768,11/19/2012,3.423
10/26/2012,86.35,49637,23.0,87.7,41,7922,10/29/2012,3.545
10/19/2012,91.59,48898,23.1,87.2,41,8823,10/22/2012,3.645
10/12/2012,91.42,47612,22.7,87.4,41,8347,10/15/2012,3.774
09/28/2012,91.35,49720,22.6,88.2,41,8106,10/01/2012,3.808
09/21/2012,93.7,48811,22.2,87.4,41,7595,09/24/2012,3.834
09/14/2012,97.56,50248,22.1,88.9,41,9848,09/17/2012,3.89
08/31/2012,95.68,48613,21.7,86.1,40,8035,09/03/2012,3.854
08/24/2012,96.22,50162,22.2,91.2,40,9495,08/27/2012,3.78
08/17/2012,94.43,51230,22.5,91.2,40,8207,08/20/2012,3.739
08/10/2012,93.14,51794,22.9,92.6,40,8717,08/13/2012,3.717
07/27/2012,88.88,52608,23.7,92.2,40,8406,07/30/2012,3.506
07/20/2012,90.34,53160,23.9,93.0,40,9633,07/23/2012,3.491
07/13/2012,85.78,51261,23.3,92.0,39,8937,07/16/2012,3.416
06/29/2012,80.23,51894,23.0,92.0,39,8774,07/02/2012,3.343
06/22/2012,81.11,51600,23.2,92.6,39,9118,06/25/2012,3.428
06/15/2012,83.27,50674,22.9,91.9,39,9445,06/18/2012,3.522
05/25/2012,90.88,49143,22.6,89.1,39,9056,05/28/2012,3.628
05/18/2012,93.11,50028,22.9,88.1,39,8583,05/21/2012,3.676
05/11/2012,96.98,50138,23.3,88.3,39,8881,05/14/2012,3.713
04/27/2012,103.78,52952,24.2,86.0,39,8822,04/30/2012,3.821
04/20/2012,103.15,54299,24.4,84.7,39,8766,04/23/2012,3.861
04/13/2012,102.55,54591,24.5,84.6,39,8718,04/16/2012,3.923
03/30/2012,105.12,57261,25.9,85.7,38,9774,04/02/2012,3.928
03/23/2012,106.41,57320,26.5,84.5,38,9269,03/26/2012,3.897
03/16/2012,106.15,59269,27.2,82.2,38,8224,03/19/2012,3.841
02/24/2012,107.18,61159,27.7,83.6,37,9187,02/27/2012,3.698
02/17/2012,101.73,61869,28.2,85.5,37,9091,02/20/2012,3.582
02/10/2012,98.56,63389,28.7,84.0,37,8756,02/13/2012,3.526
01/27/2012,99.35,62381,28.5,81.8,37,8880,01/30/2012,3.446
01/20/2012,99.95,61457,27.7,82.2,37,8853,01/23/2012,3.392
01/13/2012,100.43,62332,27.0,83.7,37,8265,01/16/2012,3.4
12/30/2011,99.81,60416,25.1,85.0,36,9024,01/02/2012,3.31
12/23/2011,97.74,61190,24.9,84.2,36,8990,12/26/2011,3.269
12/16/2011,96.06,60618,25.0,84.9,36,7581,12/19/2011,3.242
11/25/2011,96.89,56140,24.2,84.6,36,9061,11/28/2011,3.305
11/18/2011,99.32,56610,24.4,85.5,36,8319,11/21/2011,3.367
11/11/2011,96.97,53908,23.9,84.8,36,8565,11/14/2011,3.442
10/28/2011,92.32,55304,23.8,85.3,36,8954,10/31/2011,3.46
10/21/2011,86.82,54911,23.4,84.8,36,9373,10/24/2011,3.469
10/14/2011,85.35,55312,23.2,83.1,36,7921,10/17/2011,3.484
09/30/2011,81.18,56226,24.0,87.7,36,8700,10/03/2011,3.435
09/23/2011,83.65,55733,24.1,87.8,36,9702,09/26/2011,3.514
09/16/2011,88.93,55662,23.9,88.3,36,8351,09/19/2011,3.611
08/26/2011,85.06,54538,22.8,89.2,35,9607,08/29/2011,3.651
08/19/2011,85.36,54379,23.1,90.3,35,8808,08/22/2011,3.605
08/12/2011,82.86,53569,22.9,89.1,35,9285,08/15/2011,3.629
07/29/2011,97.83,53561,23.7,89.3,35,9134,08/01/2011,3.737
07/22/2011,98.01,55284,23.5,88.3,35,9840,07/25/2011,3.72
07/15/2011,96.72,54588,23.2,90.3,35,9343,07/18/2011,3.699
06/24/2011,92.7,56412,23.0,88.1,35,8878,06/27/2011,3.565
06/17/2011,95.87,58361,23.0,89.2,35,9149,06/20/2011,3.647
06/10/2011,100.05,57674,23.3,86.1,35,8638,06/13/2011,3.713
05/27/2011,99.55,56306,23.4,86.0,34,9518,05/30/2011,3.791
05/20/2011,97.99,56551,23.4,86.3,34,9232,05/23/2011,3.84
05/13/2011,99.87,55320,22.9,83.2,34,8570,05/16/2011,3.956
04/29/2011,112.3,56511,22.5,82.8,34,8877,05/02/2011,3.955
04/22/2011,109.11,58042,22.7,82.7,34,9266,04/25/2011,3.867
04/15/2011,107.75,60252,23.1,82.5,34,8053,04/18/2011,3.837
03/25/2011,104.41,64682,24.1,84.1,34,9128,03/28/2011,3.59
03/18/2011,99.79,66986,24.2,84.1,34,8987,03/21/2011,3.56
03/11/2011,103.74,68692,24.8,83.4,34,8681,03/14/2011,3.569
02/25/2011,95.26,72910,26.4,80.9,33,8010,02/28/2011,3.392
02/18/2011,84.13,73269,27.2,79.4,33,8106,02/21/2011,3.193
02/11/2011,85.51,73764,27.9,81.2,33,8266,02/14/2011,3.147
01/28/2011,86.11,68543,27.2,84.5,33,9014,01/31/2011,3.113
01/21/2011,89.75,67102,26.2,81.8,33,9385,01/24/2011,3.125
01/14/2011,91.02,66820,25.4,83.0,33,8999,01/17/2011,3.12
12/31/2010,90.97,68365,23.7,88.0,33,8446,01/03/2011,3.086
12/24/2010,89.66,68768,23.1,87.8,33,8813,12/27/2010,3.067
12/17/2010,88.27,70251,23.7,87.7,33,8741,12/20/2010,2.987
12/10/2010,88.5,69232,23.7,88.0,33,7690,12/13/2010,2.99
11/26/2010,82.28,68076,23.5,82.6,34,8446,11/29/2010,2.858
11/19/2010,82.23,69138,23.4,85.5,34,9024,11/22/2010,2.88
11/12/2010,86.91,68446,22.8,84.0,34,7864,11/15/2010,2.899
10/29/2010,82.03,70528,23.5,81.8,33,8578,11/01/2010,2.811
10/22/2010,81.15,71189,23.9,83.7,33,9463,10/25/2010,2.823
10/15/2010,82.16,72635,24.3,82.5,33,8600,10/18/2010,2.845
09/24/2010,73.76,74940,24.4,85.8,33,9005,09/27/2010,2.718
09/17/2010,75.62,77268,24.8,87.8,33,9322,09/20/2010,2.751
09/10/2010,74.82,76639,24.2,87.6,33,9027,09/13/2010,2.742
08/27/2010,72.91,76200,24.1,87.0,32,9679,08/30/2010,2.69
08/20/2010,74.84,77530,24.0,87.7,32,9881,08/23/2010,2.703
08/13/2010,78.17,76424,23.6,90.0,32,9561,08/16/2010,2.746
07/30/2010,78.12,76791,23.7,91.2,33,9629,08/02/2010,2.736
07/23/2010,77.56,77580,23.6,90.6,33,11153,07/26/2010,2.751
07/16/2010,76.35,77629,23.7,91.5,33,9977,07/19/2010,2.72
06/25/2010,77.06,76917,23.4,88.4,33,9481,06/28/2010,2.76
06/18/2010,76.7,77749,23.6,89.4,33,10112,06/21/2010,2.745
06/11/2010,73.44,77388,23.7,87.9,34,9699,06/14/2010,2.703
05/28/2010,70.62,77845,24.0,87.5,34,9455,05/31/2010,2.731
05/21/2010,69.14,78571,24.2,87.8,34,9928,05/24/2010,2.794
05/14/2010,74.98,79497,24.1,87.9,34,9829,05/17/2010,2.874
04/30/2010,84.22,80078,24.3,89.6,34,9951,05/03/2010,2.914
04/23/2010,82.9,81215,24.3,89.0,34,9681,04/26/2010,2.865
04/16/2010,84.34,81503,24.6,85.9,34,9613,04/19/2010,2.881
03/26/2010,80.65,80932,25.0,82.6,33,9060,03/29/2010,2.816
03/19/2010,81.44,81773,25.1,81.1,33,9397,03/22/2010,2.842
03/12/2010,81.76,82646,25.4,80.6,33,8428,03/15/2010,2.812
02/26/2010,79.22,83951,26.3,81.9,33,9236,03/01/2010,2.723
02/19/2010,78.25,84180,26.4,81.2,33,9084,02/22/2010,2.673
02/12/2010,73.88,85227,26.9,79.8,33,8548,02/15/2010,2.617
01/29/2010,73.94,84582,26.4,77.7,33,8426,02/01/2010,2.672
01/22/2010,76.62,84453,26.4,78.5,33,7867,01/25/2010,2.719
01/15/2010,80.06,84169,25.9,78.4,33,8540,01/18/2010,2.755
12/25/2009,74.76,82509,23.9,80.3,32,8027,12/28/2009,2.616
12/18/2009,71.72,82747,24.1,80.0,32,7707,12/21/2009,2.599
12/11/2009,71.51,83014,24.1,80.0,32,7772,12/14/2009,2.613
11/27/2009,76.14,80738,23.9,79.7,32,8401,11/30/2009,2.646
11/20/2009,78.37,79766,23.4,80.3,32,8950,11/23/2009,2.655
11/13/2009,78.24,79171,23.4,79.4,32,8579,11/16/2009,2.638
10/30/2009,78.47,78012,23.1,80.6,32,8126,11/02/2009,2.71
10/23/2009,80.06,77522,23.0,81.8,32,8890,10/26/2009,2.691
10/16/2009,75.73,77701,22.6,81.1,32,8699,10/19/2009,2.58
09/25/2009,68.33,86233,23.4,84.6,31,9533,09/28/2009,2.475
09/18/2009,71.32,85911,23.3,85.6,31,9794,09/21/2009,2.526
09/11/2009,70.91,84809,22.5,86.9,31,8903,09/14/2009,2.55
08/28/2009,72.37,84519,22.3,87.2,31,9576,08/31/2009,2.605
08/21/2009,70.8,85488,22.8,84.1,31,9225,08/24/2009,2.622
08/14/2009,69.64,84462,23.0,84.0,31,8113,08/17/2009,2.631
07/31/2009,67.03,85622,23.1,84.5,31,9287,08/03/2009,2.561
07/24/2009,65.28,85644,23.1,84.6,31,10024,07/27/2009,2.51
07/17/2009,61.29,85810,23.5,85.8,31,9203,07/20/2009,2.463
07/10/2009,61.48,85710,23.5,87.9,31,9549,07/13/2009,2.532
06/26/2009,68.58,85472,23.0,87.0,30,9363,06/29/2009,2.644
06/19/2009,70.62,83461,22.8,87.1,30,9284,06/22/2009,2.7
06/12/2009,70.85,81647,22.1,85.9,30,9037,06/15/2009,2.686
05/29/2009,64.32,82666,22.1,86.3,30,9646,06/01/2009,2.548
05/22/2009,60.32,83289,22.2,85.1,30,8778,05/25/2009,2.463
05/15/2009,57.94,83593,22.5,81.8,30,8791,05/18/2009,2.331
04/24/2009,47.8,85878,23.5,82.7,31,9824,04/27/2009,2.066
04/17/2009,49.86,88316,24.0,83.4,30,9855,04/20/2009,2.081
04/10/2009,50.46,88599,23.9,80.4,30,9391,04/13/2009,2.075
03/27/2009,52.99,87236,24.0,81.7,29,9554,03/30/2009,2.079
03/20/2009,49.49,88701,23.7,82.0,29,9384,03/23/2009,1.993
03/13/2009,45.66,89998,23.9,82.1,29,9180,03/16/2009,1.937
02/27/2009,41.1,91214,23.9,83.1,29,9028,03/02/2009,1.961
02/20/2009,37.15,93092,24.0,81.4,29,8769,02/23/2009,1.919
02/13/2009,36.94,93469,24.6,82.3,29,8793,02/16/2009,1.981
01/30/2009,42.7,96867,25.1,83.5,28,10037,02/02/2009,1.92
01/23/2009,42.15,98483,25.1,82.5,28,9708,01/26/2009,1.862
01/16/2009,36.73,97208,24.8,83.3,28,9866,01/19/2009,1.88
12/26/2008,32.98,94635,23.0,82.5,28,9249,12/29/2008,1.642
12/19/2008,39.7,95557,23.0,84.7,28,9118,12/22/2008,1.685
12/12/2008,44.57,93639,22.7,84.1,28,9673,12/15/2008,1.699
11/28/2008,53.27,93413,22.3,84.3,27,9504,12/01/2008,1.844
11/21/2008,52.26,95206,22.3,86.2,27,10959,11/24/2008,1.912
11/14/2008,58.6,94870,22.0,84.9,27,9871,11/17/2008,2.081
10/31/2008,65.21,95025,21.7,85.3,27,9972,11/03/2008,2.395
10/24/2008,68.56,94473,21.8,85.3,27,10337,10/27/2008,2.644
10/17/2008,75.19,95481,22.2,84.8,27,10400,10/20/2008,2.909
10/10/2008,86.24,94973,22.1,82.2,27,10161,10/13/2008,3.166
09/26/2008,111.12,86788,20.3,72.3,26,8989,09/29/2008,3.697
09/19/2008,97.19,85940,19.8,66.7,26,7143,09/22/2008,3.785
09/12/2008,102.88,89275,20.1,77.4,26,8510,09/15/2008,3.919
08/29/2008,116.09,95768,20.6,88.7,26,9830,09/01/2008,3.715
08/22/2008,115.7,94861,20.7,87.3,27,9979,08/25/2008,3.707
08/15/2008,114.4,95702,20.8,85.7,27,10991,08/18/2008,3.754
07/25/2008,125.92,105516,22.8,87.2,27,10005,07/28/2008,3.948
07/18/2008,135.37,108249,23.2,87.1,27,9806,07/21/2008,4.054
07/11/2008,139.95,107192,22.9,89.5,27,10791,07/14/2008,4.102
06/27/2008,137.0,106707,22.6,89.2,27,10168,06/30/2008,4.075
06/20/2008,134.34,106292,22.5,88.6,27,10251,06/23/2008,4.051
06/13/2008,134.8,106241,22.5,89.3,27,10259,06/16/2008,4.056
05/30/2008,128.47,105616,22.5,89.7,27,9786,06/02/2008,3.98
05/23/2008,130.14,103839,22.1,87.9,26,8959,05/26/2008,3.96
05/16/2008,124.96,103778,22.5,87.9,26,9237,05/19/2008,3.81
04/25/2008,118.53,107938,22.8,85.4,26,10215,04/28/2008,3.615
04/18/2008,114.33,107399,22.9,85.6,26,10041,04/21/2008,3.515
04/11/2008,109.71,107956,23.3,81.4,26,8879,04/14/2008,3.397
03/28/2008,104.49,111100,24.5,82.4,26,10283,03/31/2008,3.306
03/21/2008,105.28,114653,25.2,82.2,26,8898,03/24/2008,3.273
03/14/2008,109.35,117203,25.6,83.8,26,9468,03/17/2008,3.303
02/29/2008,100.84,117783,25.8,85.9,26,9437,03/03/2008,3.185
02/22/2008,99.61,116545,25.8,84.7,26,9958,02/25/2008,3.163
02/15/2008,94.13,115778,25.6,83.5,26,10102,02/18/2008,3.082
01/25/2008,89.41,113237,24.7,85.0,26,10056,01/28/2008,3.004
01/18/2008,91.51,111063,24.0,86.5,26,10156,01/21/2008,3.041
01/11/2008,94.76,109073,23.2,87.1,26,10389,01/14/2008,3.09
12/28/2007,95.64,106527,22.2,89.4,25,10009,12/31/2007,3.076
12/21/2007,91.16,105695,22.0,88.1,25,9805,12/24/2007,2.991
12/14/2007,91.18,106784,22.0,87.8,25,9111,12/17/2007,3.011
11/30/2007,92.47,105392,21.7,89.4,25,9374,12/03/2007,3.077
11/23/2007,97.93,104304,21.2,89.4,25,10354,11/26/2007,3.118
11/16/2007,93.56,104516,21.0,87.0,25,9820,11/19/2007,3.123
10/26/2007,89.23,105152,21.0,86.2,24,9381,10/29/2007,2.905
10/19/2007,87.8,104718,21.0,87.1,24,9103,10/22/2007,2.853
10/12/2007,81.46,105408,21.3,87.3,24,10408,10/15/2007,2.793
09/28/2007,81.7,103809,20.7,87.5,25,10253,10/01/2007,2.832
09/21/2007,82.26,104045,20.4,86.9,25,10442,09/24/2007,2.861
09/14/2007,78.95,105025,20.2,89.6,25,9805,09/17/2007,2.836
08/31/2007,72.93,105940,19.8,92.1,25,10237,09/03/2007,2.857
08/24/2007,70.19,106695,20.0,90.3,24,9822,08/27/2007,2.799
08/17/2007,72.05,108068,20.4,91.6,24,10815,08/20/2007,2.825
08/10/2007,71.92,109976,21.0,91.8,24,9873,08/13/2007,2.797
07/27/2007,75.15,111482,21.1,93.6,23,10165,07/30/2007,2.894
07/20/2007,74.92,111613,21.1,91.7,23,10378,07/23/2007,2.98
07/13/2007,72.79,111751,21.1,91.0,23,10375,07/16/2007,3.084
06/29/2007,69.13,114073,21.4,90.0,23,10778,07/02/2007,2.976
06/22/2007,68.78,112600,21.2,89.4,23,10501,06/25/2007,2.995
06/15/2007,66.62,111943,21.4,87.6,23,10791,06/18/2007,3.018
05/25/2007,64.89,108665,21.0,91.1,23,10018,05/28/2007,3.233
05/18/2007,63.61,107079,21.0,91.1,23,10892,05/21/2007,3.247
05/11/2007,61.9,105463,21.0,89.5,23,10332,05/14/2007,3.106
04/27/2007,65.26,103745,20.8,88.3,22,10264,04/30/2007,2.966
04/20/2007,63.06,104676,20.8,87.8,22,10035,04/23/2007,2.857
04/13/2007,62.58,105803,21.0,90.4,22,9919,04/16/2007,2.866
03/30/2007,64.18,112759,22.1,87.0,22,10245,04/02/2007,2.678
03/23/2007,58.26,115334,22.8,87.0,22,9632,03/26/2007,2.582
03/16/2007,57.94,115660,22.9,86.3,22,10418,03/19/2007,2.554
02/23/2007,59.57,121956,24.1,86.0,22,9522,02/26/2007,2.379
02/16/2007,58.41,123153,24.4,85.2,22,9742,02/19/2007,2.292
01/26/2007,53.57,124064,24.7,87.1,22,9967,01/29/2007,2.164
01/19/2007,51.51,122670,24.2,87.4,22,9808,01/22/2007,2.155
01/12/2007,54.11,120762,23.6,87.9,22,11057,01/15/2007,2.22
12/29/2006,60.66,116176,22.4,91.0,21,10126,01/01/2007,2.34
12/22/2006,62.4,114090,21.7,90.9,21,9129,12/25/2006,2.346
12/15/2006,61.91,111063,21.3,90.7,21,8902,12/18/2006,2.333
11/24/2006,57.24,109606,21.8,88.1,21,9758,11/27/2006,2.264
11/17/2006,57.56,110431,21.8,87.1,21,10490,11/20/2006,2.261
11/10/2006,59.96,110548,21.4,87.3,21,9450,11/13/2006,2.259
10/27/2006,58.88,112124,21.8,88.9,21,10093,10/30/2006,2.247
10/20/2006,58.48,114456,22.3,86.2,21,9494,10/23/2006,2.229
10/13/2006,58.58,117779,22.8,86.3,21,10430,10/16/2006,2.239
09/29/2006,61.94,118527,23.3,89.9,21,10513,10/02/2006,2.309
09/22/2006,61.4,118060,22.8,92.4,21,11083,09/25/2006,2.368
09/15/2006,63.98,113635,21.9,93.4,21,10592,09/18/2006,2.489
08/25/2006,72.12,114857,21.5,92.9,21,11153,08/28/2006,2.843
08/18/2006,71.79,115712,21.4,92.8,21,10197,08/21/2006,2.919
08/11/2006,75.63,116155,21.4,91.5,21,10022,08/14/2006,3.0
07/28/2006,73.87,118285,22.0,90.8,22,10431,07/31/2006,2.997
07/21/2006,73.98,119638,22.0,92.5,22,10507,07/24/2006,2.992
07/14/2006,75.21,120857,22.3,92.9,22,10701,07/17/2006,2.968
06/30/2006,72.65,122082,22.4,93.1,22,10539,07/03/2006,2.914
06/23/2006,69.94,122234,22.5,93.8,21,10546,06/26/2006,2.837
06/16/2006,69.48,122302,22.7,93.3,21,10994,06/19/2006,2.834
05/26/2006,70.35,119635,22.4,91.4,21,10842,05/29/2006,2.824
05/19/2006,69.07,117668,22.6,89.7,21,9557,05/22/2006,2.842
05/12/2006,71.5,114826,22.4,89.8,21,10383,05/15/2006,2.911
04/28/2006,70.38,113922,22.2,88.8,22,9811,05/01/2006,2.91
04/21/2006,71.87,115416,22.0,88.2,22,9864,04/24/2006,2.924
04/14/2006,68.85,116294,22.2,86.2,22,9665,04/17/2006,2.807
03/31/2006,65.67,129764,23.3,85.9,22,9953,04/03/2006,2.609
03/24/2006,61.36,133923,23.8,87.0,21,10100,03/27/2006,2.522
03/17/2006,62.64,136935,24.5,86.7,21,9331,03/20/2006,2.537
03/10/2006,60.89,139722,24.8,85.7,21,9940,03/13/2006,2.395
02/24/2006,59.93,141578,25.1,85.2,21,9878,02/27/2006,2.277
02/17/2006,59.37,142351,25.1,86.6,21,9959,02/20/2006,2.249
02/10/2006,63.06,143323,25.2,86.1,21,10264,02/13/2006,2.29
01/27/2006,66.82,140897,24.7,87.0,21,9596,01/30/2006,2.375
01/20/2006,66.79,138781,23.9,86.2,20,9257,01/23/2006,2.359
01/13/2006,63.74,137077,23.2,86.5,20,9846,01/16/2006,2.342
12/30/2005,59.82,133972,22.0,89.9,20,10058,01/02/2006,2.277
12/23/2005,57.97,134105,21.9,88.9,20,10189,12/26/2005,2.23
12/16/2005,60.32,135260,22.1,88.0,20,9859,12/19/2005,2.247
11/25/2005,58.13,134784,21.8,89.3,20,9693,11/28/2005,2.166
11/18/2005,57.0,134457,21.9,88.1,20,10219,11/21/2005,2.211
11/11/2005,58.8,132132,22.0,86.2,20,9700,11/14/2005,2.302
10/28/2005,61.33,130442,22.0,82.5,20,10060,10/31/2005,2.485
10/21/2005,62.28,128318,22.0,80.7,20,9957,10/24/2005,2.612
10/14/2005,62.87,128366,22.1,79.1,20,9207,10/17/2005,2.741
09/30/2005,66.06,125509,22.3,69.8,19,8119,10/03/2005,2.968
09/23/2005,66.43,129275,22.6,86.7,19,9693,09/26/2005,2.812
09/16/2005,63.84,126026,21.8,90.8,19,9832,09/19/2005,2.776
08/26/2005,66.34,125450,20.6,97.1,19,10463,08/29/2005,2.621
08/19/2005,64.92,125928,20.5,93.4,19,10577,08/22/2005,2.622
08/12/2005,64.85,127584,20.9,93.5,19,10305,08/15/2005,2.56
07/29/2005,59.39,132256,21.7,95.8,19,10956,08/01/2005,2.279
07/22/2005,57.3,135558,22.0,93.5,19,9940,07/25/2005,2.276
07/15/2005,59.18,136933,22.3,92.8,19,10825,07/18/2005,2.312
06/24/2005,59.04,141976,23.0,96.3,17,10971,06/27/2005,2.224
06/17/2005,56.18,140464,22.9,94.8,17,10177,06/20/2005,2.167
06/10/2005,53.74,141181,22.8,96.7,17,10617,06/13/2005,2.139
05/27/2005,50.15,144327,23.2,96.2,20,10698,05/30/2005,2.092
05/20/2005,47.77,143314,23.3,94.6,20,10311,05/23/2005,2.118
05/13/2005,50.33,142633,23.4,94.0,20,10859,05/16/2005,2.156
04/29/2005,52.0,139486,23.3,91.7,10,10259,05/02/2005,2.231
04/22/2005,52.39,138148,23.1,91.3,10,10863,04/25/2005,2.237
04/15/2005,51.44,137960,23.2,91.8,10,9718,04/18/2005,2.239
03/25/2005,52.95,137189,23.6,91.1,10,10568,03/28/2005,2.177
03/18/2005,55.93,140115,24.1,90.2,10,10270,03/21/2005,2.134
03/11/2005,54.22,142769,24.6,90.7,10,10041,03/14/2005,2.078
02/25/2005,51.75,147020,25.3,89.3,10,10065,02/28/2005,1.943
02/18/2005,47.82,146641,25.2,90.2,10,9643,02/21/2005,1.919
02/11/2005,46.08,146082,25.1,91.7,10,10434,02/14/2005,1.914
01/28/2005,48.56,143574,24.6,91.6,10,9886,01/31/2005,1.936
01/21/2005,47.85,143082,24.1,91.0,10,10458,01/24/2005,1.88
01/14/2005,46.79,143884,24.1,91.5,10,10120,01/17/2005,1.843
12/31/2004,42.52,143784,23.2,94.8,10,9775,01/03/2005,1.788
12/24/2004,44.39,142898,23.1,94.2,10,9863,12/27/2004,1.798
12/17/2004,43.5,140912,23.1,93.4,10,10545,12/20/2004,1.82
12/10/2004,41.91,139982,22.9,93.7,10,10366,12/13/2004,1.842
11/26/2004,48.79,137786,22.5,94.0,10,10056,11/29/2004,1.945
11/19/2004,47.02,136819,22.3,92.9,10,10189,11/22/2004,1.943
11/12/2004,48.0,133928,22.1,93.5,16,10229,11/15/2004,1.96
10/29/2004,53.43,134012,22.4,89.4,17,10676,11/01/2004,2.026
10/22/2004,54.43,133453,22.4,89.2,17,10317,10/25/2004,2.02
10/15/2004,54.12,130396,22.3,88.2,17,10097,10/18/2004,2.024
09/24/2004,47.82,129360,21.7,83.7,10,9886,09/27/2004,1.934
09/17/2004,44.39,130672,21.6,88.1,10,8426,09/20/2004,1.878
09/10/2004,43.33,132679,21.7,95.7,10,9914,09/13/2004,1.852
08/27/2004,44.34,134512,21.9,95.7,10,10280,08/30/2004,1.866
08/20/2004,47.28,134075,21.8,96.0,10,10549,08/23/2004,1.892
08/13/2004,45.24,134810,21.9,95.8,16,10407,08/16/2004,1.881
07/30/2004,42.5,139087,22.9,96.3,10,10351,08/02/2004,1.885
07/23/2004,41.27,138210,22.5,97.0,10,11324,07/26/2004,1.901
07/16/2004,40.33,138818,22.7,94.5,10,9901,07/19/2004,1.926
06/25/2004,37.7,137238,22.4,96.1,10,10591,06/28/2004,1.9
06/18/2004,37.86,137055,22.3,95.6,10,10188,06/21/2004,1.914
06/11/2004,37.99,137683,22.5,96.4,10,10271,06/14/2004,1.966
05/28/2004,40.65,138008,22.1,94.9,10,10703,05/31/2004,2.041
05/21/2004,40.84,138093,22.2,94.6,10,10493,05/24/2004,2.063
05/14/2004,40.37,137671,22.2,95.3,17,9939,05/17/2004,2.015
04/30/2004,37.31,135486,22.4,93.0,10,9791,05/03/2004,1.848
04/23/2004,37.32,135163,21.7,91.3,10,10469,04/26/2004,1.812
04/16/2004,37.39,136482,21.9,91.9,10,9676,04/19/2004,1.81
03/26/2004,36.65,138908,22.6,88.7,10,10077,03/29/2004,1.755
03/19/2004,37.78,137080,22.3,87.9,10,10108,03/22/2004,1.737
03/12/2004,36.44,136542,22.3,87.6,10,9498,03/15/2004,1.714
02/27/2004,36.08,140768,23.0,88.6,10,9837,03/01/2004,1.703
02/20/2004,35.54,142821,23.5,87.3,10,9007,02/23/2004,1.68
02/13/2004,33.88,143630,23.8,90.3,10,10160,02/16/2004,1.656
01/30/2004,33.61,145671,24.3,87.6,10,10488,02/02/2004,1.632
01/23/2004,35.45,146513,24.2,88.8,10,8634,01/26/2004,1.644
01/16/2004,34.51,148799,24.5,89.7,10,9803,01/19/2004,1.619
12/26/2003,32.24,146896,22.9,91.7,10,9438,12/29/2003,1.495
12/19/2003,33.2,145441,22.6,91.6,10,9515,12/22/2003,1.499
12/12/2003,32.16,146250,22.9,92.0,10,9140,12/15/2003,1.473
11/28/2003,30.11,142923,21.9,93.5,10,9128,12/01/2003,1.493
11/21/2003,32.58,141117,21.4,91.3,10,9151,11/24/2003,1.517
11/14/2003,31.56,138830,20.8,92.3,10,10354,11/17/2003,1.498
10/31/2003,29.28,140694,20.9,93.7,10,10176,11/03/2003,1.532
10/24/2003,30.17,143830,21.2,93.2,10,10159,10/27/2003,1.536
10/17/2003,31.49,145383,21.9,92.1,10,9513,10/20/2003,1.564
10/10/2003,30.69,143615,21.5,90.8,10,10019,10/13/2003,1.553
09/26/2003,27.73,148003,22.3,90.8,10,9513,09/29/2003,1.564
09/19/2003,27.39,144651,21.7,92.7,10,10299,09/22/2003,1.618
09/12/2003,28.92,144766,21.2,94.8,10,10759,09/15/2003,1.674
08/29/2003,31.56,142937,20.4,94.7,22,10126,09/01/2003,1.724
08/22/2003,31.19,142513,20.3,93.1,10,10246,08/25/2003,1.73
08/15/2003,31.31,146806,21.0,94.0,10,9868,08/18/2003,1.631
07/25/2003,30.61,151038,22.4,93.6,10,10084,07/28/2003,1.527
07/18/2003,31.48,154503,22.8,93.0,10,9441,07/21/2003,1.534
07/11/2003,30.73,155193,23.2,94.6,10,9732,07/14/2003,1.528
06/27/2003,30.01,152084,23.0,93.8,10,9466,06/30/2003,1.481
06/20/2003,30.6,155325,24.0,93.3,10,9332,06/23/2003,1.489
06/13/2003,31.46,155942,23.7,95.5,10,10302,06/16/2003,1.517
05/30/2003,29.1,153167,23.2,97.3,10,10521,06/02/2003,1.466
05/23/2003,29.29,150413,22.8,94.3,10,10041,05/26/2003,1.477
05/16/2003,28.54,152312,23.8,95.1,10,10073,05/19/2003,1.482
04/25/2003,28.43,149875,24.1,92.8,10,9669,04/28/2003,1.526
04/18/2003,29.28,145830,23.6,92.2,10,10614,04/21/2003,1.544
04/11/2003,28.03,144671,23.7,93.2,10,9405,04/14/2003,1.561
03/28/2003,30.43,145377,23.2,91.0,10,10361,03/31/2003,1.618
03/21/2003,30.46,144878,22.9,88.5,10,9655,03/24/2003,1.665
03/14/2003,36.66,147090,23.2,88.9,10,8693,03/17/2003,1.712
02/28/2003,36.98,153243,24.5,85.6,10,8679,03/03/2003,1.679
02/21/2003,36.78,153817,24.7,86.8,10,8325,02/24/2003,1.656
02/14/2003,35.79,157759,24.9,86.6,10,8762,02/17/2003,1.668
01/31/2003,33.19,155712,24.4,83.6,10,8379,02/03/2003,1.539
01/24/2003,34.46,160906,24.9,85.2,10,8678,01/27/2003,1.478
01/17/2003,33.04,164569,25.2,88.0,10,8745,01/20/2003,1.463
01/10/2003,31.54,165875,24.8,90.2,10,8489,01/13/2003,1.463
12/27/2002,32.38,157226,23.1,89.9,10,7631,12/30/2002,1.457
12/20/2002,30.35,157748,23.1,88.0,10,9145,12/23/2002,1.411
12/13/2002,27.82,154935,23.1,89.2,10,9413,12/16/2002,1.363
11/29/2002,26.83,151922,22.8,92.1,10,9503,12/02/2002,1.358
11/22/2002,26.98,152616,22.4,91.0,10,8957,11/25/2002,1.376
11/15/2002,25.68,149096,21.7,90.2,10,10159,11/18/2002,1.41
10/25/2002,27.88,148487,21.8,88.6,10,9015,10/28/2002,1.466
10/18/2002,29.65,150025,22.2,86.3,30,9992,10/21/2002,1.482
10/11/2002,29.37,152071,22.6,79.7,30,9502,10/14/2002,1.461
09/27/2002,30.63,160496,23.9,89.9,29,8509,09/30/2002,1.424
09/20/2002,29.39,158923,23.3,91.5,29,8953,09/23/2002,1.396
09/13/2002,29.59,157666,22.7,91.2,29,8665,09/16/2002,1.406
08/30/2002,28.84,158731,22.5,92.2,29,9233,09/02/2002,1.393
08/23/2002,30.09,161526,22.5,91.9,30,9200,08/26/2002,1.404
08/16/2002,28.52,162288,22.8,92.8,30,9398,08/19/2002,1.397
07/26/2002,26.64,164851,23.4,93.8,30,9168,07/29/2002,1.414
07/19/2002,27.62,166012,23.5,92.9,30,9226,07/22/2002,1.419
07/12/2002,26.7,165378,23.8,92.8,30,9163,07/15/2002,1.399
06/28/2002,26.52,167685,24.3,93.7,30,9591,07/01/2002,1.396
06/21/2002,25.61,167457,24.5,92.5,30,9030,06/24/2002,1.381
06/14/2002,24.94,166139,24.4,93.2,30,9218,06/17/2002,1.375
05/31/2002,25.22,168792,24.5,92.8,30,9165,06/03/2002,1.393
05/24/2002,27.18,169134,25.0,91.8,32,8844,05/27/2002,1.389
05/17/2002,28.43,167437,24.7,90.8,32,9101,05/20/2002,1.4
05/10/2002,27.27,167849,25.2,92.5,32,8765,05/13/2002,1.389
04/26/2002,26.46,162451,24.2,91.2,33,9409,04/29/2002,1.393
04/19/2002,25.54,159686,24.2,90.7,33,9133,04/22/2002,1.407
04/12/2002,25.24,157778,24.3,90.9,33,8265,04/15/2002,1.408
03/29/2002,25.86,159088,24.9,88.3,33,9127,04/01/2002,1.379
03/22/2002,25.25,156157,24.1,87.7,33,7858,03/25/2002,1.346
03/15/2002,24.4,157602,24.2,86.1,33,8448,03/18/2002,1.3
02/22/2002,20.7,162683,25.8,87.6,33,8095,02/25/2002,1.126
02/15/2002,21.18,166149,26.3,86.5,33,8034,02/18/2002,1.129
01/25/2002,19.21,165963,26.4,84.8,34,8589,01/28/2002,1.12
01/18/2002,18.61,164215,25.5,87.7,34,9187,01/21/2002,1.127
01/11/2002,20.54,161279,24.5,90.0,34,8517,01/14/2002,1.139
12/28/2001,20.94,157680,24.0,90.2,35,8167,12/31/2001,1.135
12/21/2001,19.2,157866,24.1,88.0,35,8692,12/24/2001,1.103
12/14/2001,18.45,160692,24.5,89.2,35,8807,12/17/2001,1.082
11/30/2001,19.13,161992,24.4,91.3,35,9891,12/03/2001,1.122
11/23/2001,18.28,159484,23.7,90.8,30,8217,11/26/2001,1.136
11/16/2001,19.61,160826,23.7,89.8,30,8909,11/19/2001,1.178
10/26/2001,21.78,161141,24.1,92.5,91,9443,10/29/2001,1.233
10/19/2001,21.92,161542,24.3,92.2,91,9361,10/22/2001,1.26
10/12/2001,22.66,160464,24.8,91.1,91,8636,10/15/2001,1.303
09/28/2001,22.35,157161,24.1,90.8,93,8988,10/01/2001,1.417
09/21/2001,27.09,155051,23.7,89.3,93,8778,09/24/2001,1.495
09/14/2001,28.22,146965,21.9,90.9,93,8677,09/17/2001,1.548
08/31/2001,26.84,151370,22.1,93.3,93,8258,09/03/2001,1.568
08/24/2001,27.25,155008,22.0,91.6,95,9400,08/27/2001,1.51
08/17/2001,27.52,158868,22.7,91.9,95,8572,08/20/2001,1.435
08/10/2001,27.87,159441,22.9,93.4,95,8516,08/13/2001,1.385
07/27/2001,26.5,164154,23.5,93.0,94,8893,07/30/2001,1.358
07/20/2001,25.26,166806,23.9,92.6,94,9651,07/23/2001,1.358
07/13/2001,27.07,167527,24.4,94.4,94,9986,07/16/2001,1.372
06/29/2001,26.37,169089,25.5,95.7,96,9573,07/02/2001,1.427
06/22/2001,27.09,167780,25.6,93.1,96,9076,06/25/2001,1.495
06/15/2001,28.9,166958,25.9,93.6,96,8709,06/18/2001,1.566
05/25/2001,28.92,157777,24.4,95.5,97,8951,05/28/2001,1.691
05/18/2001,29.08,153249,23.8,95.4,97,10241,05/21/2001,1.673
05/11/2001,28.12,153533,24.0,93.7,97,9330,05/14/2001,1.697
04/27/2001,26.99,149066,23.5,96.2,97,10324,04/30/2001,1.624
04/20/2001,27.89,146114,22.8,96.2,98,9415,04/23/2001,1.625
04/13/2001,28.27,144701,22.9,93.7,98,9864,04/16/2001,1.575
03/30/2001,26.86,143466,22.8,89.1,98,9228,04/02/2001,1.451
03/23/2001,26.42,146768,23.2,89.3,99,9882,03/26/2001,1.418
03/16/2001,27.02,148741,23.6,91.2,99,9331,03/19/2001,1.416
02/23/2001,28.65,156158,25.1,91.1,101,9041,02/26/2001,1.45
02/16/2001,29.67,156113,25.7,89.3,101,7689,02/19/2001,1.468
01/26/2001,31.35,160143,26.3,90.8,103,8751,01/29/2001,1.486
01/19/2001,30.63,155689,24.6,90.5,103,7806,01/22/2001,1.496
01/12/2001,28.81,153468,24.0,92.2,103,8508,01/15/2001,1.497
12/29/2000,26.52,153097,22.6,93.5,104,8877,01/01/2001,1.416
12/22/2000,27.38,156240,23.2,93.0,104,8637,12/25/2000,1.426
12/15/2000,29.05,157989,23.8,93.3,104,9445,12/18/2000,1.436
11/24/2000,35.91,151339,22.8,90.1,105,7916,11/27/2000,1.527
11/17/2000,35.0,148803,22.0,92.1,105,8853,11/20/2000,1.525
11/10/2000,33.46,148037,21.9,92.8,105,8561,11/13/2000,1.539
10/27/2000,33.92,147300,21.8,93.5,105,9320,10/30/2000,1.561
10/20/2000,33.48,151552,23.0,92.4,105,9631,10/23/2000,1.568
10/13/2000,33.9,152254,23.4,90.9,105,8983,10/16/2000,1.554
09/29/2000,31.13,154836,23.5,94.7,107,8990,10/02/2000,1.536
09/22/2000,35.49,149068,22.3,95.3,107,9464,09/25/2000,1.562
09/15/2000,34.7,145680,21.4,93.3,107,9034,09/18/2000,1.575
08/25/2000,32.46,154185,22.2,94.9,108,9296,08/28/2000,1.495
08/18/2000,31.82,158066,23.0,95.6,108,9318,08/21/2000,1.484
08/11/2000,30.14,158503,23.4,95.5,108,9696,08/14/2000,1.46
07/28/2000,28.02,162971,24.0,96.2,109,8784,07/31/2000,1.489
07/21/2000,30.65,161699,24.1,96.0,109,9983,07/24/2000,1.539
07/14/2000,30.44,161249,23.9,96.1,109,9341,07/17/2000,1.561
06/30/2000,32.12,159021,23.8,95.5,109,8939,07/03/2000,1.642
06/23/2000,33.55,159269,23.6,96.0,110,9374,06/26/2000,1.674
06/16/2000,32.45,157746,23.0,96.1,110,9477,06/19/2000,1.695
05/26/2000,29.46,157474,23.4,95.3,108,8672,05/29/2000,1.547
05/19/2000,29.88,159959,24.2,94.8,108,9341,05/22/2000,1.533
05/12/2000,28.7,158249,23.9,93.8,108,8908,05/15/2000,1.505
04/28/2000,25.95,156156,23.7,93.1,109,8701,05/01/2000,1.426
04/21/2000,26.66,154494,23.8,91.5,109,9708,04/24/2000,1.445
04/14/2000,24.87,155255,24.1,91.3,109,9124,04/17/2000,1.455
03/31/2000,26.92,157209,24.6,92.3,108,9282,04/03/2000,1.518
03/24/2000,27.99,154906,24.5,91.3,108,8043,03/27/2000,1.524
03/17/2000,31.29,154568,24.5,89.0,108,8628,03/20/2000,1.548
03/10/2000,32.14,154461,24.2,89.3,108,7953,03/13/2000,1.55
02/25/2000,30.1,152602,24.1,86.7,108,7684,02/28/2000,1.45
02/18/2000,29.87,152503,23.9,86.2,108,8265,02/21/2000,1.438
02/11/2000,28.83,156320,24.7,85.3,108,8198,02/14/2000,1.389
01/28/2000,28.34,158009,25.4,87.4,108,6746,01/31/2000,1.346
01/21/2000,29.37,158360,24.9,85.7,108,8448,01/24/2000,1.346
01/14/2000,26.27,159177,24.1,85.3,108,7396,01/17/2000,1.308
12/31/1999,26.34,151378,22.2,89.0,110,8054,01/03/2000,1.301
12/24/1999,26.07,152457,23.1,88.8,110,8310,12/27/1999,1.304
12/17/1999,26.2,153235,23.4,90.2,110,8147,12/20/1999,1.298
12/10/1999,26.19,154566,23.7,90.0,110,7548,12/13/1999,1.303
11/26/1999,27.35,151655,22.8,91.2,110,7450,11/29/1999,1.303
11/19/1999,26.05,150898,22.6,91.5,110,8227,11/22/1999,1.298
11/12/1999,24.22,151697,22.7,90.8,110,8362,11/15/1999,1.281
10/29/1999,22.5,155186,23.3,90.7,109,8763,11/01/1999,1.258
10/22/1999,22.65,156406,23.6,88.9,109,8115,10/25/1999,1.265
10/15/1999,22.54,159694,23.7,90.0,109,8832,10/18/1999,1.261
09/24/1999,24.53,155518,23.0,93.6,109,8474,09/27/1999,1.288
09/17/1999,24.28,156122,23.2,93.8,109,8809,09/20/1999,1.292
09/10/1999,23.0,155455,23.2,94.3,109,8245,09/13/1999,1.274
08/27/1999,21.21,158140,23.3,93.6,108,9138,08/30/1999,1.253
08/20/1999,21.62,159489,23.7,95.5,108,9053,08/23/1999,1.25
08/13/1999,21.44,158455,23.5,95.4,108,8633,08/16/1999,1.251
07/30/1999,20.62,160985,23.7,95.3,109,9228,08/02/1999,1.211
07/23/1999,19.89,162203,23.5,95.8,109,9483,07/26/1999,1.211
07/16/1999,20.21,165547,23.6,94.9,109,9000,07/19/1999,1.187
06/25/1999,18.05,173792,25.2,92.6,105,7958,06/28/1999,1.134
06/18/1999,18.21,176884,26.0,92.3,105,9164,06/21/1999,1.144
06/11/1999,17.96,174298,26.2,93.7,105,8759,06/14/1999,1.127
05/28/1999,17.07,175282,26.6,93.8,104,9081,05/31/1999,1.128
05/21/1999,17.18,173568,26.9,93.9,104,8638,05/24/1999,1.14
05/14/1999,18.0,172841,26.5,93.4,104,9017,05/17/1999,1.151
04/30/1999,18.23,170711,26.7,95.5,104,8206,05/03/1999,1.145
04/23/1999,17.93,166267,26.2,94.2,104,8273,04/26/1999,1.137
04/16/1999,16.77,170051,26.9,94.8,104,8983,04/19/1999,1.14
03/26/1999,15.55,166756,25.7,91.0,104,9085,03/29/1999,1.093
03/19/1999,14.91,169594,26.3,90.1,104,7874,03/22/1999,1.038
03/12/1999,14.19,172941,27.0,90.8,104,9044,03/15/1999,0.997
02/26/1999,12.36,177274,27.9,91.5,104,8949,03/01/1999,0.932
02/19/1999,11.66,178500,28.6,91.8,104,8780,02/22/1999,0.926
02/12/1999,11.81,177187,28.0,92.8,104,8255,02/15/1999,0.939
01/29/1999,12.46,177392,28.6,90.5,104,8559,02/01/1999,0.948
01/22/1999,12.26,175927,27.7,90.0,104,8458,01/25/1999,0.954
01/15/1999,12.62,178021,27.9,94.3,104,8944,01/18/1999,0.961
12/25/1998,11.0,166945,25.3,96.8,104,8982,12/28/1998,0.955
12/18/1998,11.5,165090,25.0,93.7,104,8794,12/21/1998,0.962
12/11/1998,11.16,165716,25.4,93.8,104,9152,12/14/1998,0.964
11/27/1998,11.62,162060,25.2,93.2,105,7976,11/30/1998,0.995
11/20/1998,12.4,162006,25.2,94.2,105,9501,11/23/1998,1.012
11/13/1998,13.63,162754,25.5,95.9,105,7770,11/16/1998,1.022
10/30/1998,14.34,156994,24.0,93.1,105,8201,11/02/1998,1.037
10/23/1998,13.81,158609,24.2,87.9,105,8176,10/26/1998,1.04
10/16/1998,14.21,158994,24.2,86.3,105,8158,10/19/1998,1.046
09/25/1998,15.78,162362,24.7,94.8,104,9114,09/28/1998,1.037
09/18/1998,14.88,163641,24.6,96.0,104,7476,09/21/1998,1.038
09/11/1998,14.45,160886,24.0,98.9,104,8631,09/14/1998,1.026
08/28/1998,13.65,165283,24.5,100.5,106,9379,08/31/1998,1.037
08/21/1998,13.33,164842,24.2,99.8,106,8993,08/24/1998,1.042
08/14/1998,13.12,164441,24.4,99.0,106,9958,08/17/1998,1.049
07/31/1998,14.24,169290,25.3,98.4,106,9369,08/03/1998,1.061
07/24/1998,13.89,172871,25.9,99.6,105,9264,07/27/1998,1.073
07/17/1998,14.48,173779,25.5,99.5,105,9209,07/20/1998,1.082
07/10/1998,13.94,174122,26.2,100.0,105,9250,07/13/1998,1.076
06/26/1998,14.17,175082,26.8,98.1,104,10018,06/29/1998,1.081
06/19/1998,12.04,174440,27.2,98.4,104,8193,06/22/1998,1.079
06/12/1998,13.42,172483,26.7,98.2,104,8875,06/15/1998,1.087
05/29/1998,14.99,169099,26.8,99.5,104,8738,06/01/1998,1.086
05/22/1998,13.91,167047,26.4,98.1,104,7959,05/25/1998,1.09
05/15/1998,15.03,166286,26.4,96.3,104,8504,05/18/1998,1.092
04/24/1998,14.5,163269,25.4,95.8,104,7978,04/27/1998,1.073
04/17/1998,15.53,162616,25.4,98.5,104,10168,04/20/1998,1.062
04/10/1998,15.55,161681,25.7,95.6,104,8347,04/13/1998,1.058
03/27/1998,16.42,165233,27.2,94.7,102,9213,03/30/1998,1.066
03/20/1998,14.04,164898,27.6,94.2,102,8178,03/23/1998,1.038
03/13/1998,14.4,164353,27.2,93.8,102,7683,03/16/1998,1.047
02/27/1998,15.3,170920,27.9,89.6,102,7170,03/02/1998,1.065
02/20/1998,16.03,170314,27.7,89.8,102,6580,02/23/1998,1.078
02/13/1998,16.25,170863,27.7,90.3,102,8242,02/16/1998,1.072
01/30/1998,17.3,171419,28.1,92.2,103,7448,02/02/1998,1.092
01/23/1998,16.02,170683,27.9,93.3,103,8114,01/26/1998,1.095
01/16/1998,16.47,172446,27.7,94.1,103,8960,01/19/1998,1.112
12/26/1997,18.31,161801,25.0,97.1,102,6987,12/29/1997,1.139
12/19/1997,18.31,159350,25.1,96.3,102,8175,12/22/1997,1.148
12/12/1997,18.44,159478,25.2,96.5,102,7140,12/15/1997,1.158
11/28/1997,19.3,158904,25.4,96.2,101,8391,12/01/1997,1.18
11/21/1997,19.81,156934,24.4,95.5,101,7608,11/24/1997,1.19
11/14/1997,20.66,156870,24.8,92.2,101,9475,11/17/1997,1.195
10/31/1997,20.92,155861,24.2,94.8,101,7994,11/03/1997,1.202
10/24/1997,21.0,157077,24.2,94.4,102,7633,10/27/1997,1.208
10/17/1997,21.03,155854,23.8,95.9,102,8017,10/20/1997,1.218
10/10/1997,22.01,156142,24.2,98.4,102,8221,10/13/1997,1.227
09/26/1997,20.12,154139,24.3,98.1,102,8687,09/29/1997,1.233
09/19/1997,19.44,153517,23.8,98.5,101,8564,09/22/1997,1.247
09/12/1997,19.44,150058,23.1,99.0,101,9311,09/15/1997,1.258
08/29/1997,19.5,146216,22.2,99.8,102,8101,09/01/1997,1.267
08/22/1997,19.92,147933,22.7,99.3,102,8367,08/25/1997,1.268
08/15/1997,19.99,146788,22.1,97.7,102,8828,08/18/1997,1.255
07/25/1997,19.52,152758,22.6,96.0,102,8269,07/28/1997,1.203
07/18/1997,19.49,156079,23.3,96.9,102,8375,07/21/1997,1.209
07/11/1997,19.44,157279,23.6,97.9,102,7684,07/14/1997,1.203
06/27/1997,19.0,160936,25.2,97.3,102,8097,06/30/1997,1.21
06/20/1997,18.93,161467,25.4,97.7,102,7213,06/23/1997,1.217
06/13/1997,18.88,160941,25.8,97.6,102,9567,06/16/1997,1.227
05/30/1997,20.9,154804,24.9,99.0,102,8267,06/02/1997,1.243
05/23/1997,21.43,154449,24.7,98.4,102,8187,05/26/1997,1.241
05/16/1997,21.45,153163,24.7,97.4,102,7505,05/19/1997,1.233
04/25/1997,19.85,149644,24.7,92.0,99,7853,04/28/1997,1.224
04/18/1997,19.65,149597,25.0,93.2,99,8418,04/21/1997,1.228
04/11/1997,19.38,148689,25.2,93.0,99,7782,04/14/1997,1.227
03/28/1997,20.83,151171,25.6,92.8,99,7870,03/31/1997,1.231
03/21/1997,21.72,153275,25.6,93.5,98,7135,03/24/1997,1.235
03/14/1997,20.64,155084,25.5,91.1,98,7753,03/17/1997,1.231
02/28/1997,20.83,158137,26.8,89.4,98,7331,03/03/1997,1.248
02/21/1997,22.18,159978,27.7,88.8,99,7403,02/24/1997,1.257
02/14/1997,22.21,163800,28.9,87.5,99,6905,02/17/1997,1.26
01/31/1997,24.24,162575,28.3,91.3,99,7113,02/03/1997,1.27
01/24/1997,24.4,160557,27.9,89.7,398,8144,01/27/1997,1.271
01/17/1997,25.42,158935,27.1,90.6,212,7417,01/20/1997,1.275
01/10/1997,26.3,158237,26.4,91.6,284,7396,01/13/1997,1.275
12/27/1996,25.44,153479,24.1,93.8,97,7730,12/30/1996,1.263
12/20/1996,26.02,152417,24.3,94.0,211,7150,12/23/1996,1.267
12/13/1996,24.2,154356,24.5,94.0,283,7848,12/16/1996,1.272
11/29/1996,24.21,151567,24.5,94.5,96,6143,12/02/1996,1.281
11/22/1996,24.03,150390,23.8,94.6,210,7150,11/25/1996,1.284
11/15/1996,23.9,150309,23.9,93.1,282,6952,11/18/1996,1.277
10/25/1996,25.15,150080,24.0,93.8,396,8468,10/28/1996,1.256
10/18/1996,25.45,151590,24.5,93.0,97,8736,10/21/1996,1.244
10/11/1996,24.93,155394,24.9,92.7,97,7654,10/14/1996,1.241
09/27/1996,24.33,159036,25.5,95.6,197,6280,09/30/1996,1.237
09/20/1996,23.52,155955,24.4,95.6,97,7483,09/23/1996,1.241
09/13/1996,24.42,153643,23.9,94.9,97,7801,09/16/1996,1.241
08/30/1996,21.82,154087,23.9,94.2,97,7304,09/02/1996,1.232
08/23/1996,22.5,156826,24.4,94.6,96,7969,08/26/1996,1.24
08/16/1996,22.25,158240,24.9,94.0,96,9060,08/19/1996,1.238
07/26/1996,20.96,158462,24.5,93.6,96,7683,07/29/1996,1.247
07/19/1996,21.8,160249,24.3,94.4,98,7870,07/22/1996,1.254
07/12/1996,21.65,161143,24.7,94.7,98,7601,07/15/1996,1.254
06/28/1996,20.55,161284,25.0,95.3,98,8366,07/01/1996,1.258
06/21/1996,20.95,165677,26.1,95.7,98,7587,06/24/1996,1.268
06/14/1996,20.15,162379,25.8,95.1,98,8676,06/17/1996,1.28
05/31/1996,20.37,163678,26.0,95.6,98,8116,06/03/1996,1.292
05/24/1996,22.24,163784,26.2,95.2,98,6865,05/27/1996,1.299
05/17/1996,21.06,164093,26.1,92.9,99,7564,05/20/1996,1.308
05/10/1996,20.98,160562,25.8,92.9,99,8578,05/13/1996,1.301
04/26/1996,23.8,160105,26.7,93.8,100,7852,04/29/1996,1.296
04/19/1996,24.34,160328,27.1,93.3,100,7231,04/22/1996,1.282
04/12/1996,23.95,159287,26.3,93.8,100,7535,04/15/1996,1.272
03/29/1996,22.03,160490,26.2,93.1,91,7396,04/01/1996,1.21
03/22/1996,23.16,162730,26.7,90.9,91,6598,03/25/1996,1.196
03/15/1996,20.8,164246,27.2,90.5,91,6923,03/18/1996,1.167
02/23/1996,21.45,166350,27.4,89.5,88,5543,02/26/1996,1.138
02/16/1996,18.8,168209,28.0,90.4,88,7504,02/19/1996,1.118
01/26/1996,18.35,166922,28.4,90.6,87,6937,01/29/1996,1.118
01/19/1996,18.64,167475,28.6,91.6,87,7240,01/22/1996,1.124
01/12/1996,19.43,162058,26.9,91.3,87,7504,01/15/1996,1.131
12/29/1995,19.44,160817,26.6,93.2,90,6963,01/01/1996,1.116
12/22/1995,19.12,154860,25.5,92.0,90,6192,12/25/1995,1.114
12/15/1995,19.02,156542,25.9,92.7,90,6990,12/18/1995,1.111
11/24/1995,17.99,151813,24.3,91.5,92,7560,11/27/1995,1.096
11/17/1995,18.06,152089,24.0,90.5,92,8060,11/20/1995,1.095
11/10/1995,17.76,150964,24.0,88.2,92,7695,11/13/1995,1.099
10/27/1995,17.56,155886,24.9,89.7,84,6986,10/30/1995,1.102
10/20/1995,17.51,157877,25.8,90.0,88,7568,10/23/1995,1.113
10/13/1995,17.28,157513,25.6,88.5,88,7416,10/16/1995,1.121
09/29/1995,17.55,160626,25.8,94.7,85,7546,10/02/1995,1.14
09/22/1995,18.32,154591,24.6,94.2,81,7195,09/25/1995,1.146
09/15/1995,18.72,152216,24.1,96.0,81,8227,09/18/1995,1.147
08/25/1995,19.02,154925,24.0,93.3,78,7402,08/28/1995,1.154
08/18/1995,17.6,158432,24.5,93.4,78,7781,08/21/1995,1.163
08/11/1995,17.81,161626,24.9,93.5,78,8483,08/14/1995,1.162
07/28/1995,17.41,165923,25.5,94.1,81,7390,07/31/1995,1.166
07/21/1995,17.21,166352,25.5,93.5,81,6733,07/24/1995,1.179
07/14/1995,17.34,167607,25.6,94.7,81,7884,07/17/1995,1.189
06/30/1995,17.71,165529,25.4,94.8,92,7948,07/03/1995,1.209
06/23/1995,17.88,167346,25.3,96.5,91,6503,06/26/1995,1.217
06/16/1995,18.91,168086,26.1,95.9,91,9337,06/19/1995,1.224
05/26/1995,19.37,170425,26.6,95.8,95,6871,05/29/1995,1.234
05/19/1995,19.98,166985,26.3,93.9,98,7597,05/22/1995,1.232
05/12/1995,19.74,166859,26.6,91.8,98,7709,05/15/1995,1.213
04/28/1995,20.29,166822,26.8,92.8,99,8139,05/01/1995,1.181
04/21/1995,20.26,166416,26.4,93.6,99,8199,04/24/1995,1.173
04/14/1995,19.53,167991,26.9,89.5,99,6191,04/17/1995,1.149
03/31/1995,19.12,169521,27.1,88.3,102,8135,04/03/1995,1.116
03/24/1995,18.69,173898,28.9,89.1,102,6088,03/27/1995,1.102
03/17/1995,18.13,176415,29.3,89.2,102,6696,03/20/1995,1.095
03/10/1995,18.27,180559,30.2,91.0,102,8029,03/13/1995,1.096
02/24/1995,18.75,177843,30.5,89.2,101,5781,02/27/1995,1.101
02/17/1995,18.55,179730,31.4,90.2,101,6489,02/20/1995,1.093
02/10/1995,18.42,179472,31.3,89.3,101,7901,02/13/1995,1.099
01/27/1995,18.34,177741,30.5,88.8,101,6465,01/30/1995,1.109
01/20/1995,18.45,175522,29.3,90.4,100,6521,01/23/1995,1.11
01/13/1995,17.55,174547,28.1,92.7,100,6442,01/16/1995,1.102
12/30/1994,17.71,170102,26.2,93.9,99,7334,01/02/1995,1.104
12/23/1994,17.1,168641,26.3,92.8,98,6566,12/26/1994,1.088
12/16/1994,16.86,171935,27.3,92.9,98,7222,12/19/1994,1.099
11/25/1994,17.73,168748,27.7,95.3,101,7161,11/28/1994,1.175
